variable,description,allocated,health_care,childrepo,benefits,income,housing,exercise,employment,smoking,demographic,meta,insurance,health_status,mental_status,food
INTVLNGC_P1,LANGUAGE OF INTERVIEW (PUF 1 YR RECODE) ,1,,,,,,,,,1,,,,,
LATIN2TP,LATIN/HISPANIC SUBTYPES - 2 LVLS ,1,,,,,,,,,1,,,,,
LNGHM_P1,LANGUAGE SPOKEN AT HOME (PUF 1 YR RECODE) ,1,,,,,,,,,1,,,,,
MARIT,MARITAL STATUS- 3 CATEGORIES ,1,,,,,,,,,1,,,,,
MARIT2,MARITAL STATUS- 4 CATEGORIES ,1,,,,,,,,,1,,,,,
MARIT_45,MARITAL STATUS - AGE 45 AND OLDER ,1,,,,,,,,,1,,,,,
CITIZEN2,CITIZENSHIP STATUS (3 LVLS) ,1,,,,,,,,,1,,,,,
AD13,CURRENTLY PREGNANT ,1,,,,,,,,,1,,,,,
AG22,EVER SERVE IN U.S. ARMED FORCES ,1,,,,,,,,,1,,,,,
AH33NEW,BORN IN U.S. ,1,,,,,,,,,1,,,,,
AH34NEW,MOTHER BORN IN U.S. ,1,,,,,,,,,1,,,,,
AH35NEW,FATHER BORN IN U.S. ,1,,,,,,,,,1,,,,,
AH37,LEVEL OF ENGLISH PROFICIENCY: GENERAL ,1,,,,,,,,,1,,,,,
AHEDC_P1,EDUCATIONAL ATTAINMENT (PUF 1 YR RECODE) ,1,,,,,,,,,1,,,,,
AA5C,ENROLLED MEMBER IN RECOGNIZED TRIBE ,1,,,,,,,,,1,,,,,
HEIGHM_P,HEIGHT: METERS - UCLA (PUF RECODE) ,1,,,,,,,,,1,,,,,
HGHTI_P,HEIGHT: INCHES (PUF RECODE) ,1,,,,,,,,,1,,,,,
HGHTM_P,HEIGHT: METERS (PUF RECODE) ,1,,,,,,,,,1,,,,,
INDMAIN2,MAIN INDUSTRY - RECODE (CENSUS 2010. IND. CLASSIFICATION SCH.) ,1,,,,,,,,,1,,,,,
IND_FLAG3,CENSUS INDUSTRY CODE - CODING METHOD ,1,,,,,,,,,1,,,,,
OCCMAIN2,MAIN OCCUPATION - RECODE (CENSUS 2010 OCC. CLASSIFICATION SCH.),1,,,,,,,,,1,,,,,
OCC_FLAG3,CENSUS OCCUPATION CODE - CODING METHOD ,1,,,,,,,,,1,,,,,
OMBSRR_P1,OMB/CURRENT DOF RACE - ETHNICITY (PUF 1 YR RECODE) ,1,,,,,,,,,1,,,,,
PCTLF_P,PERCENT LIFE IN US (PUF RECODE) ,1,,,,,,,,,1,,,,,
PINSTYPE,TYPE OF HEALTH INSURANCE BEFORE CURRENT PLAN ,1,,,,,,,,,1,,,,,
POVGWD_P1,FAMILY POVERTY THRESHOLD LEVEL (PUF 1 YR RECODE) ,1,,,,,,,,,1,,,,,
POVLL,POVERTY LEVEL ,1,,,,,,,,,1,,,,,
POVLL2_P1V2,POVERTY LEVEL AS TIMES OF 100% FPL (PUF RECODE V2) ,1,,,,,,,,,1,,,,,
POVLL_ACA,FAMILY POVERTY THRESHOLD LEVEL: ACA MAGI ELIGIBILITY (4 LVLS) ,1,,,,,,,,,1,,,,,
RACECN_P1,RACE - CENSUS 2000 DEFINITION (PUF 1 YR RECODE) ,1,,,,,,,,,1,,,,,
RACEDF_P1,FORMER DOF RACE - ETHNICITY (PUF 1 YR RECODE) ,1,,,,,,,,,1,,,,,
RACEHP2_P1,"RACE - UCLA CHPR DEFINITION, UNABRIDGED (PUF 1 YR RECODE) ",1,,,,,,,,,1,,,,,
RBMI,BMI DESCRIPTIVE ,1,,,,,,,,,1,,,,,
SERVED,LENGTH OF TIME SERVED IN ACTIVE DUTY ,1,,,,,,,,,1,,,,,
SPK_ENG,ENGLISH USE AND PROFICIENCY ,1,,,,,,,,,1,,,,,
SRAA,SELF-REPORTED AFRICAN AMERICAN ,1,,,,,,,,,1,,,,,
SRAGE_P1,SELF-REPORTED AGE (PUF 1 YR RECODE) ,1,,,,,,,,,1,,,,,
SRAI,SELF-REPORTED AMERICAN INDIAN ,1,,,,,,,,,1,,,,,
SRAS,SELF-REPORTED ASIAN ,1,,,,,,,,,1,,,,,
SRASO,SELF-REPORTED OTHER ASIAN GROUP ,1,,,,,,,,,1,,,,,
SRCH,SELF-REPORTED CHINESE ,1,,,,,,,,,1,,,,,
SRH,SELF-REPORTED LATINO/HISPANIC ,1,,,,,,,,,1,,,,,
SRJP,SELF-REPORTED JAPANESE ,1,,,,,,,,,1,,,,,
SRKR,SELF-REPORTED KOREAN ,1,,,,,,,,,1,,,,,
SRO,SELF-REPORTED OTHER RACE ,1,,,,,,,,,1,,,,,
SRPH,SELF-REPORTED FILIPINO ,1,,,,,,,,,1,,,,,
SRSEX,SELF-REPORTED GENDER ,1,,,,,,,,,1,,,,,
SRTENR,SELF-REPORTED HOUSEHOLD TENURE (HH) ,1,,,,,,,,,1,,,,,
SRVT,SELF-REPORTED VIETNAMESE ,1,,,,,,,,,1,,,,,
SRW,SELF-REPORTED WHITE ,1,,,,,,,,,1,,,,,
TIMEAD_P1V2,LENGTH OF TIME LIVED AT CURRENT ADDRESS (MONTHS) (PUF RECODE) ,1,,,,,,,,,1,,,,,
UR_BG6,RURAL AND URBAN - CLARITAS (BY BLOCK GROUP)(6 LVLS) ,1,,,,,,,,,1,,,,,
UR_CLRT2,RURAL AND URBAN - CLARITAS (BY ZIPCODE) (2 LVLS) ,1,,,,,,,,,1,,,,,
UR_CLRT6,RURAL AND URBAN - CLARITAS (BY ZIPCODE) (6 LVLS) ,1,,,,,,,,,1,,,,,
UR_IHS,RURAL AND URBAN - IHS ,1,,,,,,,,,1,,,,,
UR_OMB,RURAL AND URBAN - OMB ,1,,,,,,,,,1,,,,,
UR_RHP,RURAL AND URBAN - RHP ,1,,,,,,,,,1,,,,,
UR_TRACT6,RURAL AND URBAN - CLARITAS (BY CENSUS TRACT) (6 LVLS) ,1,,,,,,,,,1,,,,,
VOTE_RSNNOT,MAIN REASON NOT REGISTERED TO VOTE ,1,,,,,,,,,1,,,,,
WEIGHK_P,WEIGHT: KG - UCLA (PUF RECODE) ,1,,,,,,,,,1,,,,,
WGHTK_P,WEIGHT: KG (PUF RECODE) ,1,,,,,,,,,1,,,,,
WGHTP_P,WEIGHT: LBS (PUF RECODE) ,1,,,,,,,,,1,,,,,
WHOBMI,BODY MASS INDEX: WHO DEFINITION ,1,,,,,,,,,1,,,,,
YRUS_P1,YEARS LIVED IN THE U.S. (PUF 1 YR RECODE) ,1,,,,,,,,,1,,,,,
AJ168,CONDITION OF TEETH ,1,,,,,,,,,,,,1,,
CHORES2,CHORE IMPAIRMENT PAST 12 MONTHS ,1,,,,,,,,,,,,1,,
FAMILY2,FAMILY LIFE IMPAIRMENT PAST 12 MONTHS ,1,,,,,,,,,,,,1,,
AH14,PATIENT IN HOSP OVERNIGHT DURING PAST 12 MOS ,1,,,,,,,,,,,,1,,
AB1,GENERAL HEALTH CONDITION ,1,,,,,,,,,,,,1,,
AB17,DOCTOR EVER TOLD HAVE ASTHMA ,1,,,,,,,,,,,,1,,
AB22,DOCTOR EVER TOLD HAVE DIABETES ,1,,,,,,,,,,,,1,,
AB23_P1,AGE FIRST TOLD HAVE DIABETES (PUF 1 YR RECODE) ,1,,,,,,,,,,,,1,,
AB24,CURRENTLY TAKING INSULIN ,1,,,,,,,,,,,,1,,
AB25,CURRENTLY TAKING DIABETIC PILLS TO LOWER BLOOD SUGAR ,1,,,,,,,,,,,,1,,
AB29,DOCTOR EVER TOLD HAVE HIGH BLOOD PRESSURE ,1,,,,,,,,,,,,1,,
AB30,CURRENTLY TAKING MEDICATIONS TO CONTROL HIGH BLOOD  PRESSURE ,1,,,,,,,,,,,,1,,
AB34,DOCTOR EVER TOLD HAVE ANY KIND OF HEART DISEASE ,1,,,,,,,,,,,,1,,
AB40,STILL HAS ASTHMA ,1,,,,,,,,,,,,1,,
AB41,ASTHMA EPISODE/ATTACK IN PAST 12 MOS ,1,,,,,,,,,,,,1,,
AB42_P1,WORKDAYS MISSED DUE TO ASTHMA IN PAST 12 MOS (PUF 1 YR ,1,,,,,,,,,,,,1,,
AB51_P1,TYPE 1 OR TYPE 2 DIABETES (PUF 1 YR RECODE) ,1,,,,,,,,,,,,1,,
AB52,EVER TOLD HAVE HEART FAILURE/CONGESTIVE HEART FAILURE ,1,,,,,,,,,,,,1,,
AB81,DOCTOR TOLD HAD DIABETES ONLY DURING PREGNANCY ,1,,,,,,,,,,,,1,,
AB99,DOC EVER TOLD HAVE PRE- OR BORDERLINE DIABETES ,1,,,,,,,,,,,,1,,
MOS,ASTCUR CURRENT ASTHMA STATUS ,1,,,,,,,,,,,,1,,
DIABETES,DOCTOR EVER TOLD HAVE DIABETES (NON-GESTATIONAL) ,1,,,,,,,,,,,,1,,
OVRWT,OVERWEIGHT OR OBESE ,1,,,,,,,,,,,,1,,
PREDIAB,DOCTOR EVER TOLD HAVE PRE OR BORDERLINE DIABETES (NON-GESTATIONAL ,1,,,,,,,,,,,,1,,
FORGO,HAD TO FORGO NECESSARY CARE ,1,1,,,,,,,,,,,,,
ER,ER VISIT WITHIN THE PAST YEAR ,1,1,,,,,,,,,,,,,
FAMTYP_P,FAMILY TYPE (PUF RECODE) ,1,1,,,,,,,,,,,,,
AB112,MEDICAL PROVIDERS DEVELOP DIABETES CARE PLAN ,1,1,,,,,,,,,,,,,
AB114_P1,CONFIDENCE TO CONTROL AND MANAGE DIABETES (PUF 1 YR RECODE) ,1,1,,,,,,,,,,,,,
AB63,LAST EYE EXAM DILATED PUPILS ,1,1,,,,,,,,,,,,,
ACMDNUM,# OF DOCTOR VISITS PAST YEAR ,1,1,,,,,,,,,,,,,
AE16_P1,# OF CIGARETTES SMOKED PER DAY IN PAST 30 DAYS (PUF 1 YR RECODE) ,1,1,,,,,,,,,,,,,
AH1,HAVE USUAL SOURCE OF HEALTH CARE ,1,1,,,,,,,,,,,,,
AH16,DELAY/NOT GET PRESCRIPTION IN PAST 12 MO ,1,1,,,,,,,,,,,,,
AH22,DELAY/NOT GET OTHER MEDICAL CARE IN PAST 12 MOS ,1,1,,,,,,,,,,,,,
AH3_P1,KIND OF PLACE FOR USUAL SOURCE OF HEALTH CARE (PUF 1 YR RECODE) AH43A LIVING WITH A PARENT ,1,1,,,,,,,,,,,,,
AH5,# OF TIMES SAW MD IN PAST 12 MOS ,1,1,,,,,,,,,,,,,
AH6,HOW LONG SINCE LAST SAW DOCTOR ABOUT OWN HEALTH ,1,1,,,,,,,,,,,,,
AH95_P1,# TIMES VISITED ER IN PAST 12 MOS (PUF 1 YR RECODE) ,1,1,,,,,,,,,,,,,
AJ102,SOUGHT APPNT W/DOC IN 2 DAYS PAST YR ,1,1,,,,,,,,,,,,,
AJ103,HOW OFTEN GET APPNT IN 2 DAYS ,1,1,,,,,,,,,,,,,
AJ105,KNOW RIGHTS TO INTERPRETOR DURING MED VISIT ,1,1,,,,,,,,,,,,,
AJ106,USUAL PLACE FOR HLTH CARE CHANGED PAST YR ,1,1,,,,,,,,,,,,,
AJ11,WHO HELPED YOU UNDERSTAND DOCTOR ,1,1,,,,,,,,,,,,,
AJ114,TIME SINCE LAST DOC VISIT FOR ROUTINE CHECK-UP ,1,1,,,,,,,,,,,,,
AJ129,EVENTUALLY RECEIVED MED CARE THAT WAS DELAYED ,1,1,,,,,,,,,,,,,
AJ131_P1,MAIN REASON FOR DELAYING NEEDED CARE (PUF 1 YR RECODE) ,1,1,,,,,,,,,,,,,
AJ133,HAD TROUBLE FINDING GENERAL DOC PAST 12 MOS ,1,1,,,,,,,,,,,,,
AJ134,NOT ACCEPTED AS NEW PATIENT BY DOC PAST YR ,1,1,,,,,,,,,,,,,
AJ135,INSURANCE NOT ACCEPTED BY DOC PAST YR ,1,1,,,,,,,,,,,,,
AJ136,NEEDED TO SEE MED SPECIALIST PAST YR ,1,1,,,,,,,,,,,,,
AJ137,HAD TROUBLE FINDING SPECIALTY DR PAST 12 MOS ,1,1,,,,,,,,,,,,,
AJ138,NOT ACCEPTED AS NEW PATIENT BY SPECIALIST PAST YR ,1,1,,,,,,,,,,,,,
AJ139,INSURANCE NOT ACCEPTED BY SPECIALIST PAST YR ,1,1,,,,,,,,,,,,,
AJ144B,RECEIVED BIRTH CONTROL INFO FROM DR PAST YR ,1,1,,,,,,,,,,,,,
AJ152,RECEIVED CARE FROM HEALTH PROVIDER THROUGH VIDEO/PHONE IN PAST 12,1,1,,,,,,,,,,,,,
AJ153_1,HEALTH PROBLEM FOR TELE-MEDICAL CARE: SKIN ,1,1,,,,,,,,,,,,,
AJ153_10,"HEALTH PROBLEM FOR TELE-MEDICAL CARE: CHECK-UPS, GENERAL QUESTION ",1,1,,,,,,,,,,,,,
AJ153_11,"HEALTH PROBLEM FOR TELE-MEDICAL CARE: NOT FEELING WELL,  OTHER HEA ",1,1,,,,,,,,,,,,,
AJ153_2,HEALTH PROBLEM FOR TELE-MEDICAL CARE: EYE ,1,1,,,,,,,,,,,,,
AJ153_4,HEALTH PROBLEM FOR TELE-MEDICAL CARE: OTHER ,1,1,,,,,,,,,,,,,
AJ153_5,HEALTH PROBLEM FOR TELE-MEDICAL CARE: DISEASE CARE/MGMT ,1,1,,,,,,,,,,,,,
AJ153_6,"HEALTH PROBLEM FOR TELE-MEDICAL CARE: FLU, COLD, ALLERGIES, INFEC",1,1,,,,,,,,,,,,,
AJ153_8,"HEALTH PROBLEM FOR TELE-MEDICAL CARE: ARTHRITIS, JOINT,  BACK, MUS",1,1,,,,,,,,,,,,,
AJ167,ROUTINE CHECKUP/CLEANING OR SPECIFIC PROBLEM ,1,1,,,,,,,,,,,,,
AJ77,HAVE PERSONAL DOCTOR AS MAIN MEDICAL PROVIDER ,1,1,,,,,,,,,,,,,
AJ80,HAS SOMEONE AT DOCTOR'S OFFICE/CLINIC WHO HELPS COORDINATE MEDICA,1,1,,,,,,,,,,,,,
AJ8B,HAD HARD TIME UNDERSTANDING DOCTOR LAST VISIT ,1,1,,,,,,,,,,,,,
AJ9,MD SPOKE DIFFERENT LANGUAGE REASON WHY DIFFICULT TO  UNDERSTAND AK1 WORK STATUS LAST WEEK ,1,1,,,,,,,,,,,,,
RN_FORGO,REASONS FORGONE NECESSARY CARE ,1,1,,,,,,,,,,,,,
SC_NEWP,SPECIALTY CARE: DIFFICULTY FINDING PROVIDER ACCEPTING NEW PATIENT,1,1,,,,,,,,,,,,,
TIMAPPT,ABLE TO GET AN APPOINTMENT IN A TIMELY WAY ,1,1,,,,,,,,,,,,,
USOC,USUAL SOURCE OF CARE OTHER THAN ER ,1,1,,,,,,,,,,,,,
USUAL,HAVE USUAL PLACE TO GO TO WHEN SICK OR NEEDING HEALTH ,1,1,,,,,,,,,,,,,
ADVICE,USUAL5TP USUAL SOURCE OF CARE (5 LVLS) ,1,1,,,,,,,,,,,,,
USUAL_TP,USUAL SOURCE OF CARE (7 LVLS) ,1,1,,,,,,,,,,,,,
AB118,MEDICAL PROVIDERS DEVELOPED HEART DISEASE PLAN ,1,1,,,,,,,,,,,,,
AB28_P1,# OF TIMES DOC CHECKED FEET FOR SORES LAST YR (PUF 1 YR RECODE) ,1,1,,,,,,,,,,,,,
RECODE),AB43 HEALTH PROFESSIONAL EVER GAVE ASTHMA MANAGEMENT PLAN ,1,1,,,,,,,,,,,,,
AB98,HAVE WRITTEN COPY OF ASTHMA CARE PLAN ,1,1,,,,,,,,,,,,,
SC_INS,SPECIALTY CARE: HAVE DIFFICULTY FINDING A PROVIDER THAT ACCEPTS I,2,1,,,,,,,,,,1,,,
AG1,TIME SINCE LAST VISIT TO DENTIST/SPECIALIST ,0,,,,,,,,,,,,,,
AM34,TELEPHONE CALLS RECEIVED ,0,,,,,,,,,,,,,,
AM35,NEIGHBORHOOD WATCHES OUT FOR CHILDREN'S SAFETY ,0,,,,,,,,,,,,,,
AM36,DID VOLUNTEER WORK OR COMMUNITY SERVICES PAST YR ,0,,,,,,,,,,,,,,
AM37,CURRENTLY PAYING OFF HOME MORTGAGE OR LOAN ,0,,,,,,,,,,,,,,
AM38_P1,MAIN REASON FOR LAST MOVE (PUF 1 YR RECODE) ,1,,,,,1,,,,,,,,,
AM3A,      ,0,,,,,,,,,,,,,,
BMI_P,BODY MASS INDEX (PUF RECODE) CARE_PV HAD A PREVENTIVE CARE VISIT IN PAST YEAR ,0,,,,,,,,,,,,,,
DMC3,HOW OFTEN TREATED UNFAIRLY WHEN GETTING MEDICAL CARE  OVER LIFETIME,0,,,,,,,,,,,,,,
DMC6B_P1,MAIN RSN TREATED UNFAIRLY GET MED. CARE (PUF 1 YR DRECODE) ,0,,,,,,,,,,,,,,
DMC7,HOW STRESSFUL ARE UNFAIR EXPERIENCES D,0,,,,,,,,,,,,,,
DMC8,WOULD HAVE GOTTEN BETTER MEDICAL CARE IF DIFF. D ,0,,,,,,,,,,,,,,
DMC9,HOW LONG AGO TREATED UNFAIRLY W/ MEDICAL CARE DUE TO D,0,,,,,,,,,,,,,,
ELDER_IDX,ELDERLY SINGLES/COUPLE INCOME BELOW CNTY COST OF LIVING ,1,,,,1,,,,,,,,,,
THRESHOLD,ELGMAGI3 MEDI-CAL ELIGIBILITY FOR UNINSURED: ACA MAGI (2 LVLS) ,1,,,1,,,,,,,,,,,
FAMSIZE2_P1,FAMILY SIZE: INCL. ALL SUPT'D BY HH INCOME (PUF 1 YR ,0,,,,,,,,,,,,,,
RECODE),FAMT4 FAMILY TYPE - 4 LVLS ,0,,,,,,,,,,,,,,
HHSIZE_P1,HOUSEHOLD SIZE (PUF 1 YR RECODE) ,1,,,,,1,,,,,,,,,
VOTE_ENG1,VOTER ENGAGEMENT ,0,,,,,,,,,,,,,,
VOTE_PRES16,VOTED IN 2016 PRESIDENTIAL ELECTION ,0,,,,,,,,,,,,,,
VOTE_REG,CURRENTLY REGISTERED TO VOTE ,0,,,,,,,,,,,,,,
AL18A,RECVD SOCIAL SECURITY OR PENSION LAST MONTH ,1,,,1,,,,,,,,,,,
AL2,RECEIVING TANF OR CALWORKS ,1,,,1,,,,,,,,,,,
AL22,RECEIVING SOCIAL SECURITY DISABILITY INS ,1,,,1,,,,,,,,,,,
AL32,RECD ANY WORKERS COMPENSATION LAST MO ,1,,,1,,,,,,,,,,,
AL40_P1,LENGTH OF TIME HAD MEDI-CAL (PUF RECODE) ,1,,,1,,,,,,,,,,,
AL41,HAD MEDI-CAL COVERAGE RENEWED AUTOMATICALLY IN PAST YEAR ,1,,,1,,,,,,,,,,,
AL44,EVER HAD PROBLEMS RENEWING MEDI-CAL ,1,,,1,,,,,,,,,,,
AL45,"EVER LOST COVERAGE FOR 1-2 MOS, COMPLETELY, OR HAD TO ",1,,,1,,,,,,,,,,,
REAPPLY,AL46 HEALTH COVERAGE BEFORE MEDI-CAL COVERAGE ,1,,,1,,,,,,,,,,,
AL49,EVER RECEIVED BENEFITS FROM SPECIAL SUPPLEMENTAL NUTRITION PROGRA,1,,,1,,,,,,,,,,,
AL50,EVER RECEIVED WIC BENEFITS IN PAST 5 YEARS ,1,,,1,,,,,,,,,,,
AL6,RECEIVING SSI (SUPPLEMENTAL SECURITY INCOME) ,1,,,1,,,,,,,,,,,
FPG,FEDERAL POVERTY GUIDELINE ,1,,,,1,,,,,,,,,,
PROXY,A PROXY INTERVIEW ,1,,,,,,,,,,1,,,,
PUF1Y_ID,PUBLIC USE FILE ID - CHIS 1 YEAR DATAFILES ,1,,,,,,,,,,1,,,,
RAKEDW0,CHIS2017 RAKED WEIGHT - FULL SAMPLE ,1,,,,,,,,,,1,,,,
RAKEDW1,CHIS2017 RAKED WEIGHT - REPLICATE 1 ,1,,,,,,,,,,1,,,,
RAKEDW10,CHIS2017 RAKED WEIGHT - REPLICATE 10 ,1,,,,,,,,,,1,,,,
RAKEDW11,CHIS2017 RAKED WEIGHT - REPLICATE 11 ,1,,,,,,,,,,1,,,,
RAKEDW12,CHIS2017 RAKED WEIGHT - REPLICATE 12 ,1,,,,,,,,,,1,,,,
RAKEDW13,CHIS2017 RAKED WEIGHT - REPLICATE 13 ,1,,,,,,,,,,1,,,,
RAKEDW14,CHIS2017 RAKED WEIGHT - REPLICATE 14 ,1,,,,,,,,,,1,,,,
RAKEDW15,CHIS2017 RAKED WEIGHT - REPLICATE 15 ,1,,,,,,,,,,1,,,,
RAKEDW16,CHIS2017 RAKED WEIGHT - REPLICATE 16 ,1,,,,,,,,,,1,,,,
RAKEDW17,CHIS2017 RAKED WEIGHT - REPLICATE 17 ,1,,,,,,,,,,1,,,,
RAKEDW18,CHIS2017 RAKED WEIGHT - REPLICATE 18 ,1,,,,,,,,,,1,,,,
RAKEDW19,CHIS2017 RAKED WEIGHT - REPLICATE 19 ,1,,,,,,,,,,1,,,,
RAKEDW2,CHIS2017 RAKED WEIGHT - REPLICATE 2 ,1,,,,,,,,,,1,,,,
RAKEDW20,CHIS2017 RAKED WEIGHT - REPLICATE 20 ,1,,,,,,,,,,1,,,,
RAKEDW21,CHIS2017 RAKED WEIGHT - REPLICATE 21 ,1,,,,,,,,,,1,,,,
RAKEDW22,CHIS2017 RAKED WEIGHT - REPLICATE 22 ,1,,,,,,,,,,1,,,,
RAKEDW23,CHIS2017 RAKED WEIGHT - REPLICATE 23 ,1,,,,,,,,,,1,,,,
RAKEDW24,CHIS2017 RAKED WEIGHT - REPLICATE 24 ,1,,,,,,,,,,1,,,,
RAKEDW25,CHIS2017 RAKED WEIGHT - REPLICATE 25 ,1,,,,,,,,,,1,,,,
RAKEDW26,CHIS2017 RAKED WEIGHT - REPLICATE 26 ,1,,,,,,,,,,1,,,,
RAKEDW27,CHIS2017 RAKED WEIGHT - REPLICATE 27 ,1,,,,,,,,,,1,,,,
RAKEDW28,CHIS2017 RAKED WEIGHT - REPLICATE 28 ,1,,,,,,,,,,1,,,,
RAKEDW29,CHIS2017 RAKED WEIGHT - REPLICATE 29 ,1,,,,,,,,,,1,,,,
RAKEDW3,CHIS2017 RAKED WEIGHT - REPLICATE 3 ,1,,,,,,,,,,1,,,,
RAKEDW30,CHIS2017 RAKED WEIGHT - REPLICATE 30 ,1,,,,,,,,,,1,,,,
RAKEDW31,CHIS2017 RAKED WEIGHT - REPLICATE 31 ,1,,,,,,,,,,1,,,,
RAKEDW32,CHIS2017 RAKED WEIGHT - REPLICATE 32 ,1,,,,,,,,,,1,,,,
RAKEDW33,CHIS2017 RAKED WEIGHT - REPLICATE 33 ,1,,,,,,,,,,1,,,,
RAKEDW34,CHIS2017 RAKED WEIGHT - REPLICATE 34 ,1,,,,,,,,,,1,,,,
RAKEDW35,CHIS2017 RAKED WEIGHT - REPLICATE 35 ,1,,,,,,,,,,1,,,,
RAKEDW36,CHIS2017 RAKED WEIGHT - REPLICATE 36 ,1,,,,,,,,,,1,,,,
RAKEDW37,CHIS2017 RAKED WEIGHT - REPLICATE 37 ,1,,,,,,,,,,1,,,,
RAKEDW38,CHIS2017 RAKED WEIGHT - REPLICATE 38 ,1,,,,,,,,,,1,,,,
RAKEDW39,CHIS2017 RAKED WEIGHT - REPLICATE 39 ,1,,,,,,,,,,1,,,,
RAKEDW4,CHIS2017 RAKED WEIGHT - REPLICATE 4 ,1,,,,,,,,,,1,,,,
RAKEDW40,CHIS2017 RAKED WEIGHT - REPLICATE 40 ,1,,,,,,,,,,1,,,,
RAKEDW41,CHIS2017 RAKED WEIGHT - REPLICATE 41 ,1,,,,,,,,,,1,,,,
RAKEDW42,CHIS2017 RAKED WEIGHT - REPLICATE 42 ,1,,,,,,,,,,1,,,,
RAKEDW43,CHIS2017 RAKED WEIGHT - REPLICATE 43 ,1,,,,,,,,,,1,,,,
RAKEDW44,CHIS2017 RAKED WEIGHT - REPLICATE 44 ,1,,,,,,,,,,1,,,,
RAKEDW45,CHIS2017 RAKED WEIGHT - REPLICATE 45 ,1,,,,,,,,,,1,,,,
RAKEDW46,CHIS2017 RAKED WEIGHT - REPLICATE 46,1,,,,,,,,,,1,,,,
RAKEDW47,CHIS2017 RAKED WEIGHT - REPLICATE 47 ,1,,,,,,,,,,1,,,,
RAKEDW48,CHIS2017 RAKED WEIGHT - REPLICATE 48 ,1,,,,,,,,,,1,,,,
RAKEDW49,CHIS2017 RAKED WEIGHT - REPLICATE 49 ,1,,,,,,,,,,1,,,,
RAKEDW5,CHIS2017 RAKED WEIGHT - REPLICATE 5 ,1,,,,,,,,,,1,,,,
RAKEDW50,CHIS2017 RAKED WEIGHT - REPLICATE 50 ,1,,,,,,,,,,1,,,,
RAKEDW51,CHIS2017 RAKED WEIGHT - REPLICATE 51 ,1,,,,,,,,,,1,,,,
RAKEDW52,CHIS2017 RAKED WEIGHT - REPLICATE 52 ,1,,,,,,,,,,1,,,,
RAKEDW53,CHIS2017 RAKED WEIGHT - REPLICATE 53 ,1,,,,,,,,,,1,,,,
RAKEDW54,CHIS2017 RAKED WEIGHT - REPLICATE 54 ,1,,,,,,,,,,1,,,,
RAKEDW55,CHIS2017 RAKED WEIGHT - REPLICATE 55 ,1,,,,,,,,,,1,,,,
RAKEDW56,CHIS2017 RAKED WEIGHT - REPLICATE 56 ,1,,,,,,,,,,1,,,,
RAKEDW57,CHIS2017 RAKED WEIGHT - REPLICATE 57 ,1,,,,,,,,,,1,,,,
RAKEDW58,CHIS2017 RAKED WEIGHT - REPLICATE 58 ,1,,,,,,,,,,1,,,,
RAKEDW59,CHIS2017 RAKED WEIGHT - REPLICATE 59 ,1,,,,,,,,,,1,,,,
RAKEDW6,CHIS2017 RAKED WEIGHT - REPLICATE 6 ,1,,,,,,,,,,1,,,,
RAKEDW60,CHIS2017 RAKED WEIGHT - REPLICATE 60 ,1,,,,,,,,,,1,,,,
RAKEDW61,CHIS2017 RAKED WEIGHT - REPLICATE 61 ,1,,,,,,,,,,1,,,,
RAKEDW62,CHIS2017 RAKED WEIGHT - REPLICATE 62 ,1,,,,,,,,,,1,,,,
RAKEDW63,CHIS2017 RAKED WEIGHT - REPLICATE 63 ,1,,,,,,,,,,1,,,,
RAKEDW64,CHIS2017 RAKED WEIGHT - REPLICATE 64 ,1,,,,,,,,,,1,,,,
RAKEDW65,CHIS2017 RAKED WEIGHT - REPLICATE 65 ,1,,,,,,,,,,1,,,,
RAKEDW66,CHIS2017 RAKED WEIGHT - REPLICATE 66 ,1,,,,,,,,,,1,,,,
RAKEDW67,CHIS2017 RAKED WEIGHT - REPLICATE 67 ,1,,,,,,,,,,1,,,,
RAKEDW68,CHIS2017 RAKED WEIGHT - REPLICATE 68 ,1,,,,,,,,,,1,,,,
RAKEDW69,CHIS2017 RAKED WEIGHT - REPLICATE 69 ,1,,,,,,,,,,1,,,,
RAKEDW7,CHIS2017 RAKED WEIGHT - REPLICATE 7 ,1,,,,,,,,,,1,,,,
RAKEDW70,CHIS2017 RAKED WEIGHT - REPLICATE 70 ,1,,,,,,,,,,1,,,,
RAKEDW71,CHIS2017 RAKED WEIGHT - REPLICATE 71 ,1,,,,,,,,,,1,,,,
RAKEDW72,CHIS2017 RAKED WEIGHT - REPLICATE 72 ,1,,,,,,,,,,1,,,,
RAKEDW73,CHIS2017 RAKED WEIGHT - REPLICATE 73 ,1,,,,,,,,,,1,,,,
RAKEDW74,CHIS2017 RAKED WEIGHT - REPLICATE 74 ,1,,,,,,,,,,1,,,,
RAKEDW75,CHIS2017 RAKED WEIGHT - REPLICATE 75 ,1,,,,,,,,,,1,,,,
RAKEDW76,CHIS2017 RAKED WEIGHT - REPLICATE 76 ,1,,,,,,,,,,1,,,,
RAKEDW77,CHIS2017 RAKED WEIGHT - REPLICATE 77 ,1,,,,,,,,,,1,,,,
RAKEDW78,CHIS2017 RAKED WEIGHT - REPLICATE 78 ,1,,,,,,,,,,1,,,,
RAKEDW79,CHIS2017 RAKED WEIGHT - REPLICATE 79 ,1,,,,,,,,,,1,,,,
RAKEDW8,CHIS2017 RAKED WEIGHT - REPLICATE 8 ,1,,,,,,,,,,1,,,,
RAKEDW80,CHIS2017 RAKED WEIGHT - REPLICATE 80 ,1,,,,,,,,,,1,,,,
RAKEDW9,CHIS2017 RAKED WEIGHT - REPLICATE 9 ,1,,,,,,,,,,1,,,,
SMKCUR,CURRENT SMOKER ,1,,,,,,,,1,,,,,,
SMOKING,CURRENT SMOKING HABITS ,1,,,,,,,,1,,,,,,
WORK2,WORK IMPAIRMENT PAST 12 MONTHS ,1,,,,,,,1,,,,,,,
WRKST_P1,WORKING STATUS (PUF 1 YR RECODE) ,1,,,,,,,1,,,,,,,
ACHLDC_P1,AMOUNT SPENT ON CHILD CARE PER WEEK (PUF 1 YR RECODE) ,1,,1,,,,,,,,,,,,
AD42W,AVERAGE LENGTH OF TIME WALKED FOR LEISURE ,1,,,,,,1,,,,,,,,
AH44,SPOUSE LIVING IN SAME HOUSEHOLD ,1,,,,,1,,,,,,,,,
AH44A,USED PAID CHILDCARE FOR CHILDREN UNDER 14 IN PAST MONTH ,1,,1,,,,,,,,,,,,
AJ154B_1,BIRTH CONTROL METHOD: TUBAL LIGATION ,1,,1,,,,,,,,,,,,
AJ154B_2,BIRTH CONTROL METHOD: VASECTOMY ,1,,1,,,,,,,,,,,,
AJ154B_3,BIRTH CONTROL METHOD: IUD ,1,,1,,,,,,,,,,,,
AJ154B_4,BIRTH CONTROL METHOD: IMPLANT ,1,,1,,,,,,,,,,,,
AJ154B_5,BIRTH CONTROL METHOD: BIRTH CONTROL PILLS ,1,,1,,,,,,,,,,,,
AJ154B_6,BIRTH CONTROL METHOD: OTHER HORMONAL ,1,,1,,,,,,,,,,,,
AJ154B_7,BIRTH CONTROL METHOD: CONDOMS ,1,,1,,,,,,,,,,,,
AJ154B_9,BIRTH CONTROL METHOD: OTHER BIRTH CONTROL ,1,,1,,,,,,,,,,,,
AJ169,RESPONDENT'S PREGNANCY PLANS ,1,,1,,,,,,,,,,,,
AJ170_P1,MAIN REASON YOU ARE NOT CURRENTLY USING BIRTH CONTROL  (PUF 1 YR R,1,,1,,,,,,,,,,,,
AJ171_P1,"EVER TALKED TO DR, PROVIDER, FAMILY PLANNING COUNSELOR  ABOUT IUD",1,,1,,,,,,,,,,,,
AJ172,CURRENTLY USING BIRTH CONTROL ,1,,1,,,,,,,,,,,,
AJ174_3,BIRTH CONTROL METHOD: IUD ,1,,1,,,,,,,,,,,,
AJ174_4,BIRTH CONTROL METHOD: IMPLANT ,1,,1,,,,,,,,,,,,
AJ174_5,BIRTH CONTROL METHOD: BIRTH CONTROL PILLS ,1,,1,,,,,,,,,,,,
AJ174_6,BIRTH CONTROL METHOD: OTHER HORMONAL METHODS ,1,,1,,,,,,,,,,,,
AJ174_7,BIRTH CONTROL METHOD: CONDOMS (MALE) ,1,,1,,,,,,,,,,,,
AJ175_P1,MAIN REASON YOU ARE NOT CURRENTLY USING BIRTH CONTROL (PUF 1 YR R,1,,1,,,,,,,,,,,,
AK23,"LIVE IN HOUSE, DUPLEX, BUILDING WITH 3+ UNITS, OR MOBILE HOME ",1,,,,,1,,,,,,,,,
AK25,OWN OR RENT HOME ,1,,,,,1,,,,,,,,,
AK2_P1,MAIN REASON FOR NOT WORKING LAST WEEK (PUF 1 YR RECODE) ,1,,,,,,,1,,,,,,,
AK32,HH INCOME SUPPORTS SOMEONE LIVING IN U.S. BUT NOT LIVING IN HH,1,,,,,,,1,,,,,,,
AK33_P1,# OF PERSONS SUPPORTED BY HH INCOME NOT IN HH (PUF 1 YR RECODE) A,1,,,,,,,1,,,,,,,
K3_P1V2,# OF USUAL HRS WORKED PER WEEK (PUF 1 YR RECODE) ,1,,,,,,,1,,,,,,,
AK4,TYPE OF EMPLOYER AT MAIN JOB ,1,,,,,,,1,,,,,,,
AK7_P1V2,LENGTH OF TIME WORKING AT MAIN JOB (PUF 1 YR RECODE  VERSION 2),1,,,,,,,1,,,,,,,
AK8,# PEOPLE WORKING FOR EMPLOYER/YOU AKWKLNG TIME AT MAIN JOB ,1,,,,,,,1,,,,,,,
AM4,ATE LESS THAN SHOULD BECAUSE OF MONEY IN PAST 12 MOS ,1,,,,,,,,,,,,,,1
COVRDCA,PRIVATE/EMP BASED COVERAGE FROM COVERED CALIFORNIA ,1,,,,,,,,,,,1,,,
MC_TYPE,TYPE OF MEDICARE COVERAGE ,1,,,,,,,,,,,1,,,
NUMCIG,# OF CIGARETTES PER DAY ,1,,,,,,,,1,,,,,,
AC100,FREQUENCY OF EXERCISE IN PAST 7 DAYS ,1,,,,,,,,1,,,,,,
AC104B,"USE NICOTINE GUM, LOZENGES, OR INHALER TO HELP QUIT SMOKING IN PA",1,,,,,,,,,,,,,,1
AC11,# OF TIMES DRANK SODA LAST MONTH ,1,,,,,,,,1,,,,,,
AC115,EVER TRIED MARIJUANA OR HASHISH ,1,,,,,,,,1,,,,,,
AC116_P1,HOW LONG SINCE LAST MARIJUANA/HASHISH USE (PUF 1 YR RECODE) ,1,,,,,,,,1,,,,,,
AC49,STOP SMOKING ONE DAY OR LONGER TO QUIT PAST YR ,1,,,,,,,,1,,,,,,
AC50,THINK ABOUT QUIT SMOKING IN NEXT 6 MOS ,1,,,,,,,,1,,,,,,
AC75C,CALL QUITTING HELPLINE TO HELP QUIT SMOKING IN PAST 12 ,1,,,,,,,,1,,,,,,
MOS,AC77 HEALTH PRO ADVISE QUIT SMOKE PAST 12 MOS ,1,,,,,,,,1,,,,,,
AC78,HEALTH PRO REFER SMOKE CESS PGM PAST 12 ,1,,,,,,,,1,,,,,,
AC81C,EVER SMOKED ELECTRONIC CIGARETTES ,1,,,,,,,,1,,,,,,
AC82C_P1,DAYS USED E-CIGS PAST 30 DAYS (PUF 1 YEAR RECODE) ,1,,,,,,,,1,,,,,,
AC83C_1,BEST DESCRIBES REASON FOR USING E-CIGS - QUIT SMOKING ,1,,,,,,,,1,,,,,,
AC83C_10,BEST DESCRIBES REASON FOR USING E-CIGS - HEALTHIER THAN CIGARETTE ,1,,,,,,,,1,,,,,,
AC83C_11,BEST DESCRIBES REASON FOR USING E-CIGS - SOCIAL REASONS/ENJOYMENT A,1,,,,,,,,1,,,,,,
C83C_12,"BEST DESCRIBES REASON FOR USING E-CIGS - STRESS, ANXIETY, PAIN RE",1,,,,,,,,1,,,,,,
AC83C_2,BEST DESCRIBES REASON FOR USING E-CIGS - REPLACE SMOKING ,1,,,,,,,,1,,,,,,
AC83C_3,BEST DESCRIBES REASON FOR USING E-CIGS - CUT DOWN OR REDUCE SMOKI,1,,,,,,,,1,,,,,,
AC83C_4,BEST DESCRIBES REASON FOR USING E-CIGS - USED WHERE SMOKING NOT A,1,,,,,,,,1,,,,,,
AC83C_5,BEST DESCRIBES REASON FOR USING E-CIGS - CURIOSITY ,1,,,,,,,,1,,,,,,
AC83C_6,BEST DESCRIBES REASON FOR USING E-CIGS - NO LINGERING ODOR ,1,,,,,,,,1,,,,,,
AC83C_7,BEST DESCRIBES REASON FOR USING E-CIGS - HELPS CONCENTRATE ,1,,,,,,,,1,,,,,,
AC83C_8,BEST DESCRIBES REASON FOR USING E-CIGS - MANY FLAVORS ,1,,,,,,,,1,,,,,,
AC83C_9,BEST DESCRIBES REASON FOR USING E-CIGS - LESS EXPENSIVE ,1,,,,,,,,1,,,,,,
AD32_P1,# OF CIGARETTES PER DAY (PUF 1 YR RECODE) ,1,,,,,,,,1,,,,,,
AD37W,WALKED AT LEAST 10 MIN FOR TRANSPORT PAST 7 DAYS ,1,,,,,,1,,,,,,,,
AD38W,# TIMES WALKED AT LEAST 10 MIN FOR TRANSPORT PAST 7 DAYS ,1,,,,,,1,,,,,,,,
AD39W,AVERAGE LENGTH OF TIME WALKED FOR TRANSPORT ,1,,,,,,1,,,,,,,,
AD40W,WALKED AT LEAST 10 MIN FOR LEISURE PAST 7 DAYS ,1,,,,,,1,,,,,,,,
AD41W,# TIMES WALKED AT LEAST 10 MIN FOR LEISURE PAST 7 DAYS ,1,,,,,,1,,,,,,,,
AD50,BLIND/DEAF OR HAS SEVERE VISION/HEARING PROBLEM ,1,,,,,,,,1,,,,,,
AE15,SMOKED 100 OR MORE CIGARETTES IN ENTIRE LIFETIME ,1,,,,,,,,1,,,,,,
AE15A,"SMOKES CIGARETTES EVERYDAY, SOME DAYS OR NOT AT ALL ",1,,,,,,,,1,,,,,,
AG10,RESPONDENT USUALLY WORKS ,1,,,,,,,1,,,,,,,
AG11,SPOUSE USUALLY WORKS ,1,,,,,,,1,,,,,,,
AG3,HAVE ANY KIND OF DENTAL INSURANCE ,1,,,,,,,,,,,1,,,
AG8,WORK STATUS OF SPOUSE LAST WEEK ,1,,,,,,,1,,,,,,,
AG9_P1,TYPE OF EMPLOYER ON SPOUSE'S MAIN JOB (PUF 1 YR RECODE) ,1,,,,,,,1,,,,,,,
AH100,ANYONE HELP FIND HEALTH PLAN ,1,,,,,,,,,,,1,,,
AH101_P,PERSON WHO HELPED FIND HEALTH PLAN (PUF RECODE) ,1,,,,,,,,,,,1,,,
AH103,BUY HEALTH PLAN DIRECTLY FROM INS CO/HMO ,1,,,,,,,,,,,1,,,
AH104,PURCHASE INS DIRECT OR THRU COVERED CA ,1,,,,,,,,,,,1,,,
AH105,"GET INS THRU EMPLOYER,UNION,SHOP PROGRAM ",1,,,,,,,,,,,1,,,
AH110,SOURCE OF COVERAGE PURCHASED DIRECTLY ,1,,,,,,,,,,,1,,,
AH111,FIND PLAN WITH NEEDED COVERAGE-COVERED CA ,1,,,,,,,,,,,1,,,
AH112,FIND PLAN COULD AFFORD-COVERED CA ,1,,,,,,,,,,,1,,,
AH113,ANYONE HELP R FIND HEALTH PLAN-COVERED CA ,1,,,,,,,,,,,1,,,
AH114,WHO HELPED R FIND HEALTH PLAN-COVERED CA ,1,,,,,,,,,,,1,,,
AH115,HAD NEEDED INFO TO PICK HEALTH PLAN ,1,,,,,,,,,,,1,,,
AH117,COST OF SELECTED PLAN IMPORTANT ,1,,,,,,,,,,,1,,,
AH118,CARE FROM SPECIFIC DOCTOR THRU PLAN IMPORTANT ,1,,,,,,,,,,,1,,,
AH119,CARE FROM SPECIFIC HOSPITAL THRU PLAN IMPORTANT ,1,,,,,,,,,,,1,,,
AH120,CHOICE OF DOCTORS THRU PLAN IMPORTANT ,1,,,,,,,,,,,1,,,
AH125_P,MEDICARE ADVANTAGE PLAN NAME (PUF RECODE) ,1,,,,,,,,,,,1,,,
AH126_P1,SIGN UP DIRECTLY OR THROUGH EMPLOYER (PUF 1 YR RECODE) ,1,,,,,,,,,,,1,,,
AH128,AMOUNT RESPONDENT OR FAMILY PAYS EACH MONTH FOR HEALTH INSURANCE ,1,,,,,,,,,,,1,,,
AH130,HAS MONEY IN HSA ACCOUNT ,1,,,,,,,,,,,1,,,
AH131_P,AMOUNT OF MONEY IN HSA ACCOUNT (PUF Recode) ,1,,,,,,,,,,,1,,,
AH132,LENGTH OF TIME RESPONDENT HAS HAD CURRENT HEALTH INSURANCE PLAN,1,,,,,,,,,,,1,,,
AH133,# OF MONTHS HAD CURRENT HEALTH INSURANCE PLAN ,1,,,,,,,,,,,1,,,
AH134,HEALTH INSURANCE BEFORE CURRENT PLAN ,1,,,,,,,,,,,1,,,
AH135,OTHER HEALTH INSURANCE BEFORE CURRENT PLAN ,1,,,,,,,,,,,1,,,
AH136,LENGTH OF TIME RESPONDENT HAS HAD OTHER HEALTH INSURANCE ,1,,,,,,,,,,,1,,,
PLAN,AH137 EVER CHANGED HEALTH INSURANCE PLAN IN PAST 12 MOS ,1,,,,,,,,,,,1,,,
AH71_P1,"HEALTH PLAN DEDUCTIBLE MORE THAN $1,000 (PUF 1 YR RECODE) ",1,,,,,,,,,,,1,,,
AH72_P1,"HEALTH PLAN DEDUCTIBLE MORE THAN $2,000 (PUF 1 YR RECODE) ",1,,,,,,,,,,,1,,,
AH73B,SPECIAL FUND TO PAY MEDICAL EXPENSES ,1,,,,,,,,,,,1,,,
AH74,TRIED TO FIND HEALTH INSURANCE ON OWN ,1,,,,,,,,,,,1,,,
AH75,TRIED TO FIND HEALTH INSURANCE ON OWN ,1,,,,,,,,,,,1,,,
AH79B,REACHED LIMIT OF INS CMPY CONTRIBUTIONS TO CURRENT HEALTH PLAN,1,,,,,,,,,,,1,,,
AH80B,REACHED LIMIT OF INS CMPY CONTRIBUTIONS IN PAST 12 MOS ,1,,,,,,,,,,,1,,,
AH81B,EVER HAD PROBLEMS PAYING FOR SELF OR HOUSEHOLD FAMILY'S MEDICAL B,1,,,,,,,,,,,1,,,
AH83B,AMOUNT OF MEDICAL BILLS HAVING TROUBLE PAYING ,1,,,,,,,,,,,1,,,
AH85B,UNABLE TO PAY FOR BASIC NECESSITIES DUE TO MEDICAL BILLS ,1,,,,,,,,,,,1,,,
AH86B,TOOK ON CREDIT CARD DEBT B/C OF MEDICAL BILLS ,1,,,,,,,,,,,1,,,
AH98_P1,DIFFICULTY FINDING PLAN WITH NEEDED COVERAGE (PUF 1 YR RECODE) ,1,,,,,,,,,,,1,,,
AH99_P1,DIFFICULTY FINDING PLAN THAT IS AFFORDABLE (PUF 1 YR RECODE) ,1,,,,,,,,,,,1,,,
AI15,MAIN REASON NOT IN EMPLOYER'S HEALTH PLAN ,1,,,,,,,,,,,1,,,
AI15A,MAIN REASON INELIGIBLE FOR EMPLOYER'S HEALTH PLA,1,,,,,,,,,,,1,,,
AI4,COVERED BY MEDICARE SUPPL POLICY ,1,,,,,,,,,,,1,,,
AI45A_P1,MAIN REASON SPOUSE INELIGIBLE EMP HEALTH PLAN (PUF 1 YR  RECODE) ,1,,,,,,,,,,,1,,,
AI45_P1,MAIN REASON SPOUSE NOT IN EMP HEALTH PLAN (PUF 1 YR  RECODE) ,1,,,,,,,,,,,1,,,
AJ1,INS COVERS TREATMENT FOR MNTL HEALTH PROBLEMS ,1,,,,,,,,,,,1,,,
AJ10,NEEDED SOMEONE ELSE TO HELP UNDERSTAND DOCTOR ,1,,,,,,,,,,,1,,,
AJ107,CHANGE USUAL PLACE DUE TO INSURANCE PLAN ,1,,,,,,,,,,,1,,,
AJ176,DELAYED/DIDN'T GET A MEDICINE WHILE INSURED BY CURRENT 3,1,,,,,,,,,,,1,,,
AJ177,DELAYED/DIDN'T GET OTHER MEDICAL CARE WHILE INSURED BY 4 CURRENT PL,1,,,,,,,,,,,1,,,
AJ19,COST/NO INSUR DELAYED GETTING PRESCRIPTION ,1,,,,,,,,,,,1,,,
AJ20,COST/NO INSR DELAYED GETTING NEEDED CARE ,1,,,,,,,,,,,1,,,
AJ50_P,LANGUAGE DOCTOR SPEAKS TO R (PUF RECODE) ,1,,,,,,,,,,,1,,,
AK10A_P,SPOUSE'S EARNINGS LAST MONTH (PUF RECODE) ,1,,,,,,,1,,,,,,,
AK10_P,RESPONDENT'S EARNINGS LAST MONTH (PUF RECODE) ,1,,,,,,,1,,,,,,,
AK22_P1,HH TOTAL ANN. INC BEFORE TAXES (PUF 1 YR RECODE) ,1,,,,,,,1,,,,,,,
HMO,HMO STATUS ,1,,,,,,,,,,,1,,,
HSAAMT_P1,AMOUNT IN HEALTH SAVINGS ACCOUNTS (PUF RECODE) ,1,,,,,,,,,,,1,,,
INS,CURRENTLY INSURED ,1,,,,,,,,,,,1,,,
INS12M,MOS COVERED BY HEALTH PLANS LAST 12 MOS ,1,,,,,,,,,,,1,,,
INS64S_P,SPOUSE'S CURRENT HEALTH COVG - < 65 YRS (PUF RECODE) ,1,,,,,,,,,,,1,,,
INS64_P,CURRENT HEALTH COVERAGE - < 65 YRS (PUF RECODE) ,1,,,,,,,,,,,1,,,
INS65,TYPE OF CURRENT HEALTH COVERAGE SOURCE FOR ELDERLY 65+ ,1,,,,,,,,,,,1,,,
INS65_S,TYPE OF CURRENT HEALTH COVERAGE FOR SPOUSE 65+ ,1,,,,,,,,,,,1,,,
INS9TP,TYPE OF CURRENT HEALTH COVERAGE SOURCE FOR ALL AGES (9 LVLS) ,1,,,,,,,,,,,1,,,
INSANY,ANY INS IN LAST 12 MOS ,1,,,,,,,,,,,1,,,
INSEM,COVERED BY EMPLOYER-BASED PLANS ,1,,,,,,,,,,,1,,,
INSEM_S,SPOUSE COVERED BY EMPLOYER-BASED PLANS ,1,,,,,,,,,,,1,,,
INSLMT12M,REACHED HEALTH INSURANCE PAYMENT LIMIT IN PAST 12 MONTHS ,1,,,,,,,,,,,1,,,
INSMC,COVERED BY MEDICARE ,1,,,,,,,,,,,1,,,
INSMC_S,SPOUSE COVERED BY MEDICARE ,1,,,,,,,,,,,1,,,
INSMD,COVERED BY MEDI-CAL ,1,,,,,,,,,,,1,,,
INSMD_S,SPOUSE COVERED BY MEDI-CAL ,1,,,,,,,,,,,1,,,
INSOG,COVERED BY OTHER GOVT PLANS ,1,,,,,,,,,,,1,,,
INSOG_S,SPOUSE COVERED BY OTHER GOVT PLANS ,1,,,,,,,,,,,1,,,
INSPR,COVERED BY PLANS PURCHASED ON OWN ,1,,,,,,,,,,,1,,,
INSPR_S,SPOUSE COVERED BY PLANS PURCHASED ON OWN ,1,,,,,,,,,,,1,,,
INSPS,PRIMARY OR SECONDARY COVERAGE ,1,,,,,,,,,,,1,,,
INSPS_S,SPOUSE PRIMARY OR SECONDARY COVERAGE ,1,,,,,,,,,,,1,,,
INSTYPE,TYPE OF CURRENT HEALTH COVERAGE SOURCE FOR ALL AGES ,1,,,,,,,,,,,1,,,
INST_12,"HEALTH INS COVERAGE IN LAST 12 MOS, INCL CURRENT  STATUS:8 LVLS",1,,,,,,,,,,,1,,,
INS_S,SPOUSE CURRENTLY INSURED ,1,,,,,,,,,,,1,,,
OFFTK,"OFFER, ELIGIBILITY, ACCEPTANCE OF EMPLOYER BASED INS ",1,,,,,,,,,,,1,,,
PC_INS,PRIMARY CARE: HAVE DIFFICULTY FINDING A PROVIDER THAT ACCEPTS INS,1,,,,,,,,,,,1,,,
PC_NEWP,PRIMARY CARE: DIFFICULTY FINDING A PROVIDER ACCEPTING NEW PATIENT,1,,,,,,,,,,,1,,,
SOCIAL2,SOCIAL LIFE IMPAIRMENT PAST 12 MONTHS ,1,,,,,,,,,,,,,1,
TCURPLAN,TIME ADULT HAS BEEN ENROLLED IN CURRENT PLAN: MONTHS ,1,,,,,,,,,,,1,,,
UNINSANY,UNINSURED IN PAST 12 MOS ,1,,,,,,,,,,,1,,,
AC42,HOW OFTEN FIND FRESH FRUIT/VEG IN NEIGHB ,1,,,,,,,,,,,,,,1
AC42_P,HOW OFTEN FIND FRESH FRUIT/VEG IN NEIGHB (PUF RECODE) ,1,,,,,,,,,,,,,,1
AC44,NEIGHBORHOOD FRUIT/VEG AFFORDABLE ,1,,,,,,,,,,,,,,1
AC46,# OF TIMES DRANK SWEET FRUIT DRINKS PAST MO ,1,,,,,,,,,,,,,,1
AC47,# OF TIMES DRANK WATER YESTERDAY ,1,,,,,,,,,,,,,,1
AE2,# TIMES ATE FRUIT IN PAST MO ,1,,,,,,,,,,,,,,1
AE3,"# TIMES ATE FRNCH FRIES, HME FRIES, HSH BR",1,,,,,,,,,,,,,,1
AF62,ANY MONTH PAST 12 MONTHS FELT WORSE ,1,,,,,,,,,,,,,1,
AF63,FEEL NERVOUS WORST MONTH ,1,,,,,,,,,,,,,1,
AF64,FEEL HOPELESS WORST MONTH ,1,,,,,,,,,,,,,1,
AF65,FEEL RESTLESS WORST MONTH ,1,,,,,,,,,,,,,1,
AF66,FEEL DEPRESSED WORST MONTH ,1,,,,,,,,,,,,,1,
AF67,FEEL EVERYTHING AN EFFORT WORST MONTH ,1,,,,,,,,,,,,,1,
AF68,FEEL WORTHLESS WORST MONTH ,1,,,,,,,,,,,,,1,
AF69B,EMOTIONS INTERFERE W/WORK WORST MONTH ,1,,,,,,,,,,,,,1,
AF70B,EMOTIONS INTERFERE W/CHORES WORST MONTH ,1,,,,,,,,,,,,,1,
AF71B,EMOTIONS INTERFERE W/SOCIAL LIFE WORST MONTH ,1,,,,,,,,,,,,,1,
AF72B,EMOTIONS INTERFERE W/RELATIONSHIPS WORST MONTH ,1,,,,,,,,,,,,,1,
AJ29,FEEL NERVOUS PAST 30 DAYS ,1,,,,,,,,,,,,,1,
AJ30,FEEL HOPELESS PAST 30 DAYS ,1,,,,,,,,,,,,,1,
AJ31,FELL RESTLESS PAST 30 DAYS ,1,,,,,,,,,,,,,1,
AJ32,FEEL DEPRESSED PAST 30 DAYS ,1,,,,,,,,,,,,,1,
AJ33,FEEL EVERYTHING AN EFFORT PAST 30 DAYS ,1,,,,,,,,,,,,,1,
AJ34,FEEL WORTHLESS PAST 30 DAYS ,1,,,,,,,,,,,,,1,
AK28,HOW OFTEN FEEL SAFE IN NEIGHBORHOOD ,1,,,,,,,,,,,,,1,
AL5,RECEIVING FOOD STAMP BENEFITS ,1,,,,,,,,,,,,,,1
AM1,"HOW OFTEN FOOD DIDN'T LAST,COULDN'T AFFORD MORE, PAST 12 ",1,,,,,,,,,,,,,,1
MOS,AM19 PEOPLE IN NEIGHBORHOOD WILLING TO HELP EACH OTHER ,1,,,,,,,,,,,,,1,
AM2,HOW OFTEN COULDN'T AFFORD TO EAT BALANCED MEALS ,1,,,,,,,,,,,,,,1
AM20,PEOPLE IN NEIGHBORHOOD DO NOT GET ALONG ,1,,,,,,,,,,,,,1,
AM21,PEOPLE IN NEIGHBORHOOD CAN BE TRUSTED ,1,,,,,,,,,,,,,1,
AM3,ALL ADULTS CUT/SKIPPED MEALS IN PAST 12 MOS FOR MONEY ,1,,,,,,,,,,,,,,1
AM5,HOW OFTEN HUNGRY BUT DIDN'T EAT B/C OF MONEY IN PAST 12 ,1,,,,,,,,,,,,,,1
DISTRESS,SERIOUS PSYCHOLOGICAL DISTRESS ,1,,,,,,,,,,,,,1,
DSTRS12,LIKELY HAS HAD PSYCHOLOGICAL DISTRESS IN THE LAST YEAR ,1,,,,,,,,,,,,,1,
DSTRS30,LIKELY HAS HAD PSYCHOLOGICAL DISTRESS IN THE PAST MONTH ,1,,,,,,,,,,,,,1,
DSTRSYR,SERIOUS PSYCHOLOGICAL DISTRESS FOR WORST MONTH PAST YR  (K6 SCORE),1,,,,,,,,,,,,,1,
DSTRS_P1,SERIOUS PSYCHOLOGICAL DISTRESS (PUF 1 YR RECODE) ,1,,,,,,,,,,,,,1,
FSLEV,FOOD SECURITY STATUS LEVEL ,1,,,,,,,,,,,,,,1
FSLEVCB,FOOD SECURITY STATUS (2 LVLS) ,1,,,,,,,,,,,,,,1
